cluster_id,persona,feature,cluster_mean,population_mean,difference,percentage_difference,standardized_effect_size
1,Dormant Learners,days_since_last_active,1.7827648114901258,11.061333333333334,-9.278568521843209,-83.88291214298947,-0.44666381472164995
1,Dormant Learners,days_active_last_30,24.227109515260324,13.9655,10.261609515260323,73.4782823046817,0.9592689406454182
1,Dormant Learners,sessions_per_week,15.736938958707357,8.178433333333334,7.558505625374023,92.41996990508396,0.4884845651964216
1,Dormant Learners,avg_session_minutes,14.261619396157366,24.464313526324702,-10.202694130167336,-41.70439574847983,-0.27982725404349484
1,Dormant Learners,longest_streak_days,250.19165170556553,109.71033333333334,140.48131837223218,128.04748112960996,0.6614164371551067
1,Dormant Learners,share_sessions_weekend,0.3065439856373429,0.4123183333333333,-0.10577434769599037,-25.653564041373468,-0.40422193025067565
1,Dormant Learners,xp_earned_90d,11468.685368043089,6282.6775,5186.007868043089,82.54454996365943,0.443747944283049
1,Dormant Learners,lessons_completed_90d,649.5987432675045,347.3761666666667,302.2225766008378,87.00152906311585,0.43978482471043623
1,Dormant Learners,courses_active,1.362657091561939,1.3648333333333333,-0.002176241771394416,-0.15945110060283912,-0.003575505325629083
1,Dormant Learners,leaderboard_weeks_joined,5.129263913824057,3.4276666666666666,1.7015972471573906,49.64301995013295,0.4389711366527587
0,Streak Maintainers,days_since_last_active,21.006105006105006,11.061333333333334,9.944771672771672,89.90572269260794,0.4787343695785513
0,Streak Maintainers,days_active_last_30,6.743589743589744,13.9655,-7.221910256410257,-51.71250765393475,-0.6751138006957381
0,Streak Maintainers,sessions_per_week,3.450732600732601,8.178433333333334,-4.727700732600733,-57.80692389252301,-0.3055377545781736
0,Streak Maintainers,avg_session_minutes,55.3740580605312,24.464313526324702,30.909744534206496,126.34625737994331,0.8477553894925073
0,Streak Maintainers,longest_streak_days,12.18986568986569,109.71033333333334,-97.52046764346765,-88.88904507032244,-0.4591474582231125
0,Streak Maintainers,share_sessions_weekend,0.577112332112332,0.4123183333333333,0.16479399877899875,39.9676622299919,0.6297684621192847
0,Streak Maintainers,xp_earned_90d,4141.037240537241,6282.6775,-2141.640259462759,-34.08801835623043,-0.18325241432559253
0,Streak Maintainers,lessons_completed_90d,226.8125763125763,347.3761666666667,-120.56359035409037,-34.70692635910745,-0.17544035937581073
0,Streak Maintainers,courses_active,1.3675213675213675,1.3648333333333333,0.002688034188034205,0.19694962911472988,0.0044163661782078084
0,Streak Maintainers,leaderboard_weeks_joined,2.7264957264957266,3.4276666666666666,-0.7011709401709401,-20.456217256761843,-0.1808852271645991
3,Weekend Warriors,days_since_last_active,14.259707192870783,11.061333333333334,3.1983738595374493,28.91490350353287,0.15396748600216292
3,Weekend Warriors,days_active_last_30,5.928707829408021,13.9655,-8.03679217059198,-57.547471773957106,-0.7512900486230967
3,Weekend Warriors,sessions_per_week,1.7367281985996181,8.178433333333334,-6.441705134733716,-78.76453682735139,-0.41630894886160075
3,Weekend Warriors,avg_session_minutes,7.255354838709677,24.464313526324702,-17.208958687615024,-70.34310882705705,-0.47198667264410843
3,Weekend Warriors,longest_streak_days,5.338001273074475,109.71033333333334,-104.37233206025886,-95.13445897857588,-0.4914075181580261
3,Weekend Warriors,share_sessions_weekend,0.39802036919159767,0.4123183333333333,-0.01429796414173562,-3.467700314498657,-0.05464038105570284
3,Weekend Warriors,xp_earned_90d,811.4296626352642,6282.6775,-5471.2478373647355,-87.08465200330171,-0.46815489722922776
3,Weekend Warriors,lessons_completed_90d,25.3946530872056,347.3761666666667,-321.9815135794611,-92.6895810582268,-0.4685374107460101
3,Weekend Warriors,courses_active,1.362826225334182,1.3648333333333333,-0.0020071079991512697,-0.14705883496040564,-0.0032976231935295673
3,Weekend Warriors,leaderboard_weeks_joined,1.5499681731381285,3.4276666666666666,-1.8776984935285381,-54.7806620692951,-0.4844010199078296
2,Power Learners,days_since_last_active,9.921847246891652,11.061333333333334,-1.139486086441682,-10.301525612720123,-0.05485406514960758
2,Power Learners,days_active_last_30,16.793960923623445,13.9655,2.828460923623444,20.25320198792341,0.26440829870073174
2,Power Learners,sessions_per_week,9.996447602131438,8.178433333333334,1.8180142687981036,22.229370769439583,0.1174930540017673
2,Power Learners,avg_session_minutes,22.533333333333335,24.464313526324702,-1.9309801929913668,-7.8930487500233575,-0.05296060806326355
2,Power Learners,longest_streak_days,128.7424511545293,109.71033333333334,19.032117821195968,17.34760732461783,0.08960732791143744
2,Power Learners,share_sessions_weekend,0.3913499111900533,0.4123183333333333,-0.020968422143279986,-5.0854935248121365,-0.0801318680539492
2,Power Learners,xp_earned_90d,7257.653641207815,6282.6775,974.9761412078151,15.518481431011145,0.08342518356981268
2,Power Learners,lessons_completed_90d,400.5985790408526,347.3761666666667,53.22241237418592,15.321261929076668,0.07744758700658573
2,Power Learners,courses_active,1.3712255772646536,1.3648333333333333,0.006392243931320207,0.4683534447175631,0.010502280821726455
2,Power Learners,leaderboard_weeks_joined,3.9733570159857905,3.4276666666666666,0.5456903493191239,15.920169677694949,0.14077497674683304
